Model,MAE,RMSE,R2
XGBoost,0.9708600436656204,1.4425645058423102,0.5723946876375205
Random Forest,0.9886680251057159,1.4634507433475674,0.5599228425244752
LightGBM,1.0609469533808424,1.5247138208428073,0.52230655526748
Linear Regression,1.4293403380828682,1.9652439834398006,0.20639287484752578
